Property,Prefixed Property,Link Dataset Count,Dataset Count,LOD-Dataset Count,Link Count,Triple Count,LOD Link Count,Category (Manual)
http://www.w3.org/1999/02/22-rdf-syntax-ns#type,rdf:type,155,163,137,28333589,41881847,23184206,re-use
http://purl.org/linked-data/cube#dataSet,qb:dataSet,8,8,0,13111246,13067717,,re-use
http://purl.org/linked-data/sdmx/2009/dimension#refPeriod,sdmx:refPeriod,7,7,0,13109300,13065771,,re-use
http://purl.org/linked-data/sdmx/2009/dimension#refArea,sdmx:refArea,6,6,0,11448400,11445166,,re-use
http://worldbank.270a.info/property/indicator,wbp:indicator,1,1,0,11305461,11302227,,re-use
http://purl.org/vocab/frbr/core#exemplar,frbr:exemplar,2,2,0,3486498,3484137,,re-use
http://purl.org/vocab/frbr/core#owner,rfrbr:owner,1,2,0,3486497,3484135,,re-use
http://purl.org/dc/elements/1.1/subject,dc:subject,2,12,0,2275513,3142841,,re-use
http://www.w3.org/2002/07/owl#sameAs,owl:sameAs,48,50,1,2249708,2268896,3,reconciliation
http://xmlns.com/foaf/0.1/homepage,foaf:homepage,34,39,0,2244966,4217107,,re-use
http://stats.data-gov.ie/property/geoArea,sdgp:geoArea,1,1,0,1660900,1620605,,containment
http://purl.org/ontology/similarity/element,musim:element,1,1,0,1532834,1532834,,containment
http://purl.org/linked-data/sdmx/2009/dimension#sex,sdmx:sex,1,1,0,1455873,1455798,,re-use
http://stats.data-gov.ie/property/age2,sdgp:age2,1,1,0,1140672,1140672,,re-use
http://stats.data-gov.ie/property/maritalStatus,sdgp:martialStatus,1,1,0,1140672,1140672,,re-use
http://purl.org/dc/elements/1.1/language,dc:language,2,7,0,979907,998258,,re-use
http://purl.uniprot.org/core/rank,uniprot:rank,1,1,0,784090,784090,,re-use
http://purl.org/ontology/similarity/method,musim:method,1,1,0,766417,766417,,re-use
http://purl.org/dc/elements/1.1/creator,dc:creator,4,20,0,627823,647764,,re-use
http://purl.org/dc/terms/isPartOf,dct:isPartOf,35,39,0,548090,1736807,,containment
http://rhizomik.net/ontologies/2005/03/Mpeg7-2001.owl#MediaTime,,1,1,0,520579,520579,,re-use
http://www.w3.org/2000/01/rdf-schema#isDefinedBy,,21,24,1,426562,427265,1,re-use
http://semantic-mediawiki.org/swivt/1.0#page,,3,3,0,423140,422993,,re-use
http://purl.org/NET/c4dm/event.owl#place,,3,5,0,416865,425845,,re-use
http://purl.org/NET/c4dm/event.owl#time,,1,3,0,405660,411210,,re-use
http://purl.org/NET/scovo#dataset,,1,1,0,405660,405086,,re-use
http://purl.org/ontology/bibo/editor,,1,1,0,380524,377759,,re-use
http://www.w3.org/2004/02/skos/core#inScheme,,6,25,0,372477,9035414,,re-use
http://stats.data-gov.ie/property/age1,,1,1,0,315201,315126,,re-use
http://www.w3.org/2000/01/rdf-schema#seeAlso,,24,36,2,315026,316026,2,re-use
http://rdf.myexperiment.org/ontologies/components/belongs-to-workflow,,1,1,0,179029,179029,,re-use
http://purl.org/weso/pscs/ontology/relatedMatch,,9,9,0,151102,151102,,
http://lexvo.org/ontology#label,,1,1,0,139418,139465,,re-use
http://purl.org/science/owl/sciencecommons/from_species_described_by,,1,1,0,138822,138822,,re-use
http://purl.org/science/owl/sciencecommons/describes_gene_type,,1,1,0,122160,122160,,re-use
http://lexvo.org/ontology#represents,,1,1,0,121514,219752,,re-use
http://www4.wiwiss.fu-berlin.de/sider/resource/sider/sideEffect,,1,1,0,116135,68423,,re-use
http://www.w3.org/2004/02/skos/core#relatedMatch,,2,2,0,104998,104998,,reconciliation
http://stats.data-gov.ie/property/nationality,,1,1,0,80012,39952,,re-use
http://purl.org/dc/terms/hasPart,,5,6,1,79540,431387,8,containment
http://eprints.org/ontology/hasFile,,3,3,0,77838,77755,,re-use
http://core.kmi.open.ac.uk/data/hasOAIRepositoryIdentifier,,1,1,0,77296,77298,,re-use
http://www.w3.org/2004/02/skos/core#closeMatch,,10,10,0,74705,74708,,reconciliation
http://www4.wiwiss.fu-berlin.de/drugbank/resource/drugbank/generalReference,,1,1,0,72359,18939,,re-use
http://eprints.org/ontology/hasDocument,,3,3,0,67607,67566,,re-use
http://statistics.data.gov.uk/def/administrative-geography/district,,2,2,0,64964,64964,,containment
http://purl.org/dc/terms/creator,,17,32,0,53821,56364,,re-use
http://linkedscotland.org/def/geography#district,,1,1,0,50344,50344,,containment
http://linkedscotland.org/def/geography#intermediateGeography,,1,1,0,49109,49109,,containment
http://linkedscotland.org/def/geography#dataZone,,1,1,0,42604,42604,,containment
http://sw.opencyc.org/concept/wikipediaArticleURL,,1,1,0,41039,41039,,re-use
http://stats.data-gov.ie/property/ethnicGroup,,1,1,0,40016,39952,,re-use
http://xmlns.com/foaf/0.1/depiction,,9,10,0,39926,48023,,re-use
http://xmlns.com/foaf/0.1/primaryTopic,,12,14,1,37147,42111,7,re-use
http://www.w3.org/2004/02/skos/core#exactMatch,,9,9,0,35124,35124,,reconciliation
http://stats.data-gov.ie/property/birthplace,,1,1,0,35014,34958,,re-use
http://xmlns.com/foaf/0.1/primaryTopicOf,,2,2,0,34434,34434,,re-use
http://publishmydata.com/def/statistics#ageRange,,1,1,0,34378,34378,,re-use
http://xmlns.com/foaf/0.1/page,,11,13,0,30355,16412,,re-use
http://purl.org/NET/c4dm/event.owl#sub_event,,1,1,0,30062,30062,,containment
http://www.holygoat.co.uk/owl/redwood/0.1/tags/associatedTag,,1,1,0,29904,29904,,re-use
http://id.southampton.ac.uk/ns/inPublicationsListOf,,1,1,0,29526,29526,,re-use
http://www.w3.org/2000/10/swap/pim/contact#stateOrProvince,,1,1,0,28815,28815,,re-use
http://www4.wiwiss.fu-berlin.de/dailymed/resource/dailymed/inactiveIngredient,,1,1,0,28403,28367,,re-use
http://rdvocab.info/Elements/placeOfPublication,,1,1,0,25073,900950,,re-use
http://stats.data-gov.ie/property/religion,,1,1,0,24995,24975,,re-use
http://stats.data-gov.ie/property/usualResidence,,1,1,0,24990,24970,,re-use
http://www4.wiwiss.fu-berlin.de/drugbank/resource/drugbank/drugReference,,1,1,0,23782,13418,,re-use
http://purl.org/ontology/bibo/status,,2,2,0,20885,20880,,re-use
http://xmlns.com/foaf/0.1/isPrimaryTopicOf,,19,20,0,19232,33741,,re-use
http://www4.wiwiss.fu-berlin.de/drugbank/resource/drugbank/pfamDomainFunction,,1,1,0,19028,6882,,re-use
http://www4.wiwiss.fu-berlin.de/drugbank/resource/drugbank/pfamDomainFunctionPage,,1,1,0,19028,6882,,re-use
http://www.w3.org/1999/02/22-rdf-syntax-ns#_1,,3,4,0,18682,18693,,
http://purl.org/ontology/mo/performer,,2,2,0,18448,18448,,re-use
http://data.lod2.eu/scoreboard/properties/country,,1,1,0,18013,18013,,re-use
http://data.lod2.eu/scoreboard/properties/indicator,,1,1,0,18013,18013,,re-use
http://data.lod2.eu/scoreboard/properties/year,,1,1,0,18013,18013,,re-use
http://www.openarchives.org/ore/terms/proxyIn,,2,2,0,17675,17675,,re-use
http://www.openarchives.org/ore/terms/proxyFor,,2,2,0,17604,17675,,re-use
http://purl.org/ontology/bibo/authorList,,3,3,0,17097,16960,,re-use
http://purl.org/ontology/mo/performance_of,,1,1,0,16767,16767,,re-use
http://purl.org/dc/elements/1.1/contributor,,2,6,0,16327,2199873,,re-use
http://www.europeana.eu/schemas/edm/aggregatedCHO,,1,1,0,16322,16322,,re-use
http://rdfs.org/sioc/ns#avatar,,1,1,0,15339,15339,,re-use
http://www.holygoat.co.uk/owl/redwood/0.1/tags/tag,,1,2,0,15054,21897,,re-use
http://www.holygoat.co.uk/owl/redwood/0.1/tags/taggedBy,,1,1,0,15054,15054,,re-use
http://xmlns.com/foaf/0.1/maker,,2,2,0,14776,8682,,re-use
http://www4.wiwiss.fu-berlin.de/diseasome/resource/diseasome/possibleDrug,,1,1,0,14325,14325,,re-use
http://www.w3.org/1999/02/22-rdf-syntax-ns#_2,,3,4,0,14274,14283,,
http://www.w3.org/2003/01/geo/wgs84_pos#location,,1,1,0,13324,13324,,re-use
http://www4.wiwiss.fu-berlin.de/drugbank/resource/drugbank/target,,1,1,0,12045,12045,,re-use
http://purl.org/ontology/mo/performed,,1,1,0,11864,11864,,re-use
http://idi.fundacionctic.org/cruzar/turismo#has-interest,,1,1,1,11131,11131,11131,re-use
http://www.w3.org/ns/sawsdl#modelReference,,1,1,1,10850,10958,244,re-use
http://www4.wiwiss.fu-berlin.de/drugbank/resource/drugbank/drugType,,1,1,0,10195,10195,,re-use
http://purl.org/dc/terms/isReferencedBy,,11,12,0,10168,10025,,re-use
http://www4.wiwiss.fu-berlin.de/drugbank/resource/drugbank/interactionDrug1,,1,1,0,10153,10096,,re-use
http://www4.wiwiss.fu-berlin.de/drugbank/resource/drugbank/interactionDrug2,,1,1,0,10153,10096,,re-use
http://www.w3.org/1999/02/22-rdf-syntax-ns#_3,,3,4,0,9830,9835,,
http://www4.wiwiss.fu-berlin.de/diseasome/resource/diseasome/associatedGene,,1,1,0,9743,9743,,
http://www4.wiwiss.fu-berlin.de/diseasome/resource/diseasome/bio2rdfSymbol,,1,1,0,9743,3919,,
http://rdfs.org/ns/void#inDataset,,11,11,0,9533,9533,,
http://www.openarchives.org/ore/terms/aggregates,,2,2,0,9421,9514,,
http://data.ordnancesurvey.co.uk/ontology/spatialrelations/within,,8,8,0,9242,9252,,
http://www.w3.org/TR/rdf-schema/#ch_type,,1,1,0,9143,9143,,
http://rdf.myexperiment.org/ontologies/base/annotates,,1,1,0,9038,9038,,
http://rdf.myexperiment.org/ontologies/base/has-annotator,,1,1,0,9038,9038,,
http://purl.org/ontology/mo/published_as,,2,2,0,8395,8395,,
http://rdf.myexperiment.org/ontologies/annotations/for-tagging,,1,1,0,8375,8375,,
http://rdf.myexperiment.org/ontologies/annotations/has-tagging,,1,1,0,8375,8375,,
http://rdf.myexperiment.org/ontologies/annotations/uses-tag,,1,1,0,8375,8375,,
http://www4.wiwiss.fu-berlin.de/drugbank/resource/drugbank/possibleDiseaseTarget,,1,1,0,8201,8201,,
http://www.europeana.eu/schemas/edm/isShownAt,,1,1,0,8161,8161,,
http://www.europeana.eu/schemas/edm/landingPage,,1,1,0,8161,8161,,
http://www.openarchives.org/ore/terms/describes,,1,2,0,8161,8898,,
http://www.openarchives.org/ore/terms/isDescribedBy,,1,3,0,8161,9095,,
http://www.w3.org/1999/xhtml/vocab#license,,1,1,0,8161,8161,,
http://www.europeana.eu/schemas/edm/hasView,,1,1,0,8020,8020,,
http://www.europeana.eu/schemas/edm/object,,1,1,0,8020,8020,,
http://purl.org/ontology/bibo/presentedAt,,1,1,0,7838,7838,,
http://linkedscotland.org/def/geography#communityHealthPartnership,,1,1,0,7740,7740,,
http://linkedscotland.org/def/geography#healthBoard,,1,1,0,7740,7740,,
http://purl.org/ontology/mo/recorded_as,,2,2,0,7710,7710,,
http://www.geneontology.org/formats/oboInOwl#inSubset,,1,1,0,7590,7590,,
http://dati.camera.it/ocd/rif_ufficioParlamentare,,1,1,0,7433,7433,,
http://www.w3.org/2004/02/skos/core#narrower,,2,16,0,7418,305235,,
http://www.w3.org/2000/10/swap/pim/contact#address,,1,1,0,7223,7223,,
http://www.w3.org/2004/02/skos/core#broader,,4,21,0,7105,772733,,
http://www.w3.org/2000/01/rdf-schema#subClassOf,rdfs:subClassOf,35,37,30,7097,1016251,2557,
http://www4.wiwiss.fu-berlin.de/medicare/resource/medicare/drugType,,1,1,0,6819,6819,,
http://rdfs.org/sioc/ns#has_owner,,1,1,0,6724,6724,,
http://xmlns.com/foaf/0.1/based_near,,5,6,0,6641,1354,,
http://xmlns.com/foaf/0.1/img,,2,3,0,6604,505591,,
http://purl.org/NET/c4dm/timeline.owl#onTimeLine,,1,1,0,6584,6584,,
http://purl.org/ontology/mo/available_as,,1,1,0,6584,6584,,
http://purl.org/ontology/mo/publishing_location,,1,1,0,6584,490,,
http://purl.org/ontology/mo/time,,1,1,0,6584,6584,,
http://purl.org/ontology/mo/track,,1,1,0,6584,6584,,
http://id.loc.gov/vocabulary/relators/hnr,,1,1,0,6342,6306,,
http://creativecommons.org/ns#license,,6,8,0,6176,6179,,
http://www4.wiwiss.fu-berlin.de/dailymed/resource/dailymed/possibleDiseaseTarget,,1,1,0,6124,6124,,
http://www.w3.org/2002/07/owl#sameas,,1,1,0,6044,6044,,
http://www.w3.org/1999/02/22-rdf-syntax-ns#_4,,3,4,0,5789,5792,,
http://ibl.mdanderson.org/TCGA/R75354,,1,1,0,5179,5179,,
http://rdf.myexperiment.org/ontologies/snarm/has-access,,1,1,0,5135,15413,,
http://purl.org/dc/terms/publisher,dct:publischer,36,41,0,5108,3212471,,
http://data.nytimes.com/elements/mapping_strategy,,1,1,0,4979,4979,,
http://data.nytimes.com/elements/search_api_query,,1,1,0,4979,4979,,
http://rdf.myexperiment.org/ontologies/base/has-policy,,1,1,0,4955,4955,,
http://rdf.myexperiment.org/ontologies/base/content-url,,1,1,0,4758,4758,,
http://rdf.myexperiment.org/ontologies/base/has-content-type,,1,1,0,4758,4758,,
http://rdf.myexperiment.org/ontologies/base/has-license,,1,1,0,4758,4758,,
http://www4.wiwiss.fu-berlin.de/drugbank/resource/drugbank/swissprotId,,1,1,0,4660,4660,,
http://www4.wiwiss.fu-berlin.de/drugbank/resource/drugbank/swissprotPage,,1,1,0,4660,4660,,
http://www4.wiwiss.fu-berlin.de/drugbank/resource/drugbank/drugCategory,,1,1,0,4602,4602,,
http://data.nytimes.com/elements/topicPage,,1,1,0,4480,4480,,
http://www4.wiwiss.fu-berlin.de/drugbank/resource/drugbank/genbankIdGenePage,,1,1,0,4310,4310,,
http://www4.wiwiss.fu-berlin.de/dailymed/resource/dailymed/routeOfAdministration,,1,1,0,4308,4308,,
http://rdf.myexperiment.org/ontologies/contributions/preview,,1,1,0,4295,4295,,
http://rdf.myexperiment.org/ontologies/contributions/svg,,1,1,0,4295,4295,,
http://rdf.myexperiment.org/ontologies/contributions/thumbnail,,1,1,0,4295,4295,,
http://rdf.myexperiment.org/ontologies/contributions/thumbnail-big,,1,1,0,4295,4295,,
http://www4.wiwiss.fu-berlin.de/dailymed/resource/dailymed/activeIngredient,,1,1,0,4284,4284,,
http://www4.wiwiss.fu-berlin.de/dailymed/resource/dailymed/producesDrug,,1,1,0,4271,4271,,
http://www4.wiwiss.fu-berlin.de/dailymed/resource/dailymed/representedOrganization,,1,1,0,4271,4271,,
http://www4.wiwiss.fu-berlin.de/dailymed/resource/dailymed/activeMoiety,,1,1,0,4269,4269,,
http://www4.wiwiss.fu-berlin.de/diseasome/resource/diseasome/class,,1,1,0,4213,4213,,
http://rdf.myexperiment.org/ontologies/components/processor-uri,,1,1,0,4132,4146,,
http://purl.org/ontology/mo/produced_signal,,1,1,0,3976,3976,,
http://purl.org/ontology/mo/produced_sound,,1,1,0,3976,3976,,
http://purl.org/ontology/mo/recording_of,,1,1,0,3976,3976,,
http://purl.org/ontology/mo/engineer,,1,1,0,3801,3801,,
http://purl.org/ontology/mo/engineered,,1,1,0,3801,3801,,
http://www.loc.gov/loc.terms/relators/EDT,,1,1,0,3755,3755,,
http://rdf.myexperiment.org/ontologies/base/last-edited-by,,1,1,0,3730,3730,,
http://purl.org/ontology/mo/produced,,1,1,0,3640,3640,,
http://purl.org/ontology/mo/producer,,1,1,0,3640,3640,,
http://rdf.myexperiment.org/ontologies/components/executes-dataflow,,1,1,0,3591,5782,,
http://www4.wiwiss.fu-berlin.de/drugbank/resource/drugbank/pdbId,,1,1,0,3379,3379,,
http://www4.wiwiss.fu-berlin.de/drugbank/resource/drugbank/pdbIdPage,,1,1,0,3379,3379,,
http://purl.org/science/owl/sciencecommons/availability_described_by,,1,1,0,3322,3275,,
http://purl.org/science/owl/sciencecommons/is_described_in,,1,1,0,3322,3275,,
http://id.southampton.ac.uk/ns/busStoppingAt,,1,1,0,3294,3294,,
http://id.southampton.ac.uk/ns/inBusRoute,,1,1,0,3294,3294,,
http://vocab.org/transit/terms/route,,1,1,0,3294,3294,,
http://vocab.org/transit/terms/routeStop,,1,1,0,3294,3294,,
http://vocab.org/transit/terms/stop,,1,1,0,3294,3294,,
http://www.w3.org/1999/02/22-rdf-syntax-ns#_5,,3,4,0,3198,3201,,
http://id.southampton.ac.uk/ns/producedByDivision,,1,1,0,3044,3044,,
http://www4.wiwiss.fu-berlin.de/diseasome/resource/diseasome/chromosomalLocation,,1,1,0,2929,2929,,
http://www4.wiwiss.fu-berlin.de/diseasome/resource/diseasome/omim,,1,1,0,2929,2929,,
http://www4.wiwiss.fu-berlin.de/diseasome/resource/diseasome/omimPage,,1,1,0,2929,2929,,
http://rdf.myexperiment.org/ontologies/base/has-accepter,,1,1,0,2915,2915,,
http://rdf.myexperiment.org/ontologies/base/has-requester,,1,1,0,2915,2915,,
http://www4.wiwiss.fu-berlin.de/drugbank/resource/drugbank/genbankIdProteinPage,,1,1,0,2859,2859,,
http://rdf.myexperiment.org/ontologies/base/has-friendship,,1,1,0,2581,2581,,
http://enipedia.tudelft.nl/wiki/Property:Reference,,1,1,0,2541,2819,,
http://www.w3.org/2006/vcard/ns#url,,3,3,0,2485,43847,,
http://www4.wiwiss.fu-berlin.de/drugbank/resource/drugbank/dosageForm,,1,1,0,2482,2432,,
http://purl.org/dc/terms/isVersionOf,,2,3,0,2428,2578,,
http://dbpedia.org/ontology/residence,,1,1,0,2301,2297,,
http://www4.wiwiss.fu-berlin.de/drugbank/resource/drugbank/casRegistryNumber,,1,1,0,2240,2240,,
http://purl.org/dc/elements/1.1/hasVersion,,1,1,0,2219,2219,,
http://rdf.myexperiment.org/ontologies/attrib_credit/credits,,1,1,0,2207,2207,,
http://rdf.myexperiment.org/ontologies/attrib_credit/has-creditable,,1,1,0,2207,2207,,
http://ibl.mdanderson.org/TCGA/R191,,1,1,0,2149,2149,,
http://purl.org/openorg/hasFeature,,2,2,0,2045,2045,,
http://xmlns.com/foaf/0.1/member,,4,5,0,2004,2392,,
http://www.w3.org/2007/05/powder-s#describedby,,1,1,0,2000,2000,,
http://data.kasabi.com/dataset/global-hunger-index/structure/refArea,,1,1,0,1946,1946,,
http://purl.org/linked-data/cube#measureType,,1,1,0,1946,1946,,
http://enipedia.tudelft.nl/wiki/Property:Wikipedia_page,,1,1,0,1885,1888,,
http://rdf.myexperiment.org/ontologies/base/has-current-version,,1,1,0,1882,1882,,
http://www.w3.org/1999/02/22-rdf-syntax-ns#_6,,2,3,0,1856,1857,,
http://enipedia.tudelft.nl/wiki/Property:DBpedia_Page,,1,1,0,1806,1808,,
http://xmlns.com/foaf/0.1/made,,1,1,0,1795,1795,,
http://rdfs.org/sioc/ns#has_member,,1,1,0,1792,1792,,
http://purl.org/ctic/infraestructuras/organizacion#centroServicios,,1,1,0,1790,1790,,
http://purl.org/openorg/mapIcon,,5,5,0,1735,1735,,
http://purl.org/ontology/bibo/editorList,,1,1,0,1711,1702,,
http://www4.wiwiss.fu-berlin.de/drugbank/resource/drugbank/hgncId,,1,1,0,1675,1675,,
http://www4.wiwiss.fu-berlin.de/drugbank/resource/drugbank/hgncIdPage,,1,1,0,1675,1675,,
http://minsky.gsi.dit.upm.es/semanticwiki/index.php/Special:URIResolver/Property-3AVulnerability_Instance,,1,1,0,1649,1661,,
http://rdf.myexperiment.org/ontologies/base/has-membership,,1,1,0,1623,1623,,
http://www.w3.org/ns/sawsdl#liftingSchemaMapping,,1,1,0,1622,1621,,
http://www4.wiwiss.fu-berlin.de/dailymed/resource/dailymed/genericDrug,,1,1,0,1593,1593,,
http://www4.wiwiss.fu-berlin.de/drugbank/resource/drugbank/brandedDrug,,1,1,0,1593,1593,,
http://www4.wiwiss.fu-berlin.de/drugbank/resource/drugbank/bio2rdfSymbol,,1,1,0,1533,1533,,
http://eprints.org/ontology/hasPublished,,1,1,0,1438,1438,,
http://www.w3.org/2006/vcard/ns#photo,,1,1,0,1414,1510,,
http://id.southampton.ac.uk/ns/liveBusTimes,,1,1,0,1409,1409,,
http://id.southampton.ac.uk/ns/mobilePage,,1,1,0,1409,1409,,
http://rdf.myexperiment.org/ontologies/packs/has-entry,,1,1,0,1353,1353,,
http://www4.wiwiss.fu-berlin.de/drugbank/resource/drugbank/keggCompoundId,,1,1,0,1331,1331,,
http://purl.org/dc/terms/subject,,11,15,0,1316,11189717,,
http://purl.org/openorg/availableToCommentOn,,1,1,0,1225,1292,,
http://es.dbpedia.org/page/country,,1,1,0,1172,1172,,
http://dati.camera.it/ocd/rif_leg,,1,1,0,1134,1134,,
http://www.loa-cnr.it/ontologies/DOLCE-Lite#has-quality,,1,1,1,1119,1119,1119,
http://www4.wiwiss.fu-berlin.de/drugbank/resource/drugbank/contraindicationInsert,,1,1,0,1112,1112,,
http://www.w3.org/2000/01/rdf-schema#range,rdfs:range,27,31,21,1097,12157,782,
http://www4.wiwiss.fu-berlin.de/drugbank/resource/drugbank/interactionInsert,,1,1,0,1036,1036,,
http://www.w3.org/1999/02/22-rdf-syntax-ns#_7,,2,3,0,1028,1029,,
http://www4.wiwiss.fu-berlin.de/drugbank/resource/drugbank/rxlistLink,,1,1,0,997,998,,
http://www.w3.org/2004/02/skos/core#broaderTransitive,,2,11,0,938,44840,,
http://www4.wiwiss.fu-berlin.de/drugbank/resource/drugbank/keggDrugId,,1,1,0,913,913,,
http://xmlns.com/foaf/0.1/type,,2,2,2,899,883,899,
http://xmlns.com/foaf/0.1/focus,,2,2,0,886,886,,
http://www.w3.org/2000/10/swap/pim/contact#preferredURI,,11,12,0,871,8807,,
http://geovocab.org/spatial#C,,1,1,0,870,871,,
http://www.w3.org/2006/vcard/ns#locality,,1,6,0,818,150683,,
http://www4.wiwiss.fu-berlin.de/drugbank/resource/drugbank/enzyme,,1,1,0,812,812,,
http://id.loc.gov/vocabulary/relators/prf,,1,1,0,794,793,,
http://data.lirmm.fr/ontologies/passim#region,,1,1,0,756,766,,
http://purl.org/goodrelations/v1#hasOpeningHoursDayOfWeek,,3,3,3,748,748,748,
http://purl.org/goodrelations/v1#hasOpeningHoursSpecification,,3,3,0,748,748,,
http://www4.wiwiss.fu-berlin.de/drugbank/resource/drugbank/chebiId,,1,1,0,736,736,,
http://enipedia.tudelft.nl/wiki/Property:Has_domain_and_range,,1,1,0,707,707,,
http://www4.wiwiss.fu-berlin.de/diseasome/resource/diseasome/geneId,,1,1,0,688,426,,
http://www4.wiwiss.fu-berlin.de/diseasome/resource/diseasome/hgncId,,1,1,0,688,426,,
http://www4.wiwiss.fu-berlin.de/diseasome/resource/diseasome/hgncIdPage,,1,1,0,688,426,,
http://purl.org/goodrelations/v1#availableAtOrFrom,,4,6,0,681,22441,,
http://purl.org/goodrelations/v1#includes,,4,6,0,681,22441,,
http://lexvo.org/ontology#means,,1,1,0,680,680,,
http://id.southampton.ac.uk/ns/usedByModule,,1,1,0,670,670,,
http://enipedia.tudelft.nl/wiki/Property:Ownercompany,,1,1,0,639,53218,,
http://purl.org/twc/vocab/conversion/enhances,,10,10,0,615,317,,
http://www.w3.org/1999/02/22-rdf-syntax-ns#_8,,2,3,0,605,606,,
http://purl.org/science/owl/sciencecommons/cites_evidence_source,,1,1,0,577,577,,
http://enipedia.tudelft.nl/wiki/Property:Emission_name,,1,1,0,573,154185,,
http://xmlns.com/foaf/0.1/topic,,1,3,1,563,3859,12,
http://lexvo.org/ontology#nearlySameAs,,1,1,0,550,550,,
http://eprints.org/ontology/hasAccepted,,1,1,0,535,535,,
http://rdf.myexperiment.org/ontologies/base/has-version,,1,1,0,531,531,,
http://purl.org/dc/terms/source,,20,24,0,528,61404,,
http://rod.eionet.europa.eu/schema.rdf#hasObligation,,1,1,0,522,522,,
http://www.w3.org/2004/02/skos/core#related,,2,11,0,497,172567,,
http://purl.org/dc/terms/license,dct:license,33,36,0,487,662,,
http://purl.org/dc/terms/format,,10,16,0,485,546,,
http://www.example.org/Movie/category,,1,1,0,482,482,,
http://rdf.myexperiment.org/ontologies/annotations/has-comment,,1,1,0,478,478,,
http://purl.org/dc/terms/issuer,,1,1,0,477,477,,
http://labs.mondeca.com/vocab/voaf#metadataVoc,,2,2,1,470,553,9,
http://xmlns.com/foaf/0.1/depicts,,1,1,0,448,448,,
http://lexvo.org/ontology#isFocusOf,,1,1,0,436,436,,
http://dbpedia.org/property/state,,1,1,0,432,432,,
http://greek-lod.math.auth.gr/fire-brigade/resource/belongstoarea,,1,1,0,430,430,,
http://www.w3.org/2004/02/skos/core#definition,,1,7,0,425,30835,,
http://www.w3.org/2000/01/rdf-schema#subPropertyOf,,24,26,19,406,7138,342,
http://www.w3.org/1999/02/22-rdf-syntax-ns#_9,,1,1,0,381,381,,
http://ibl.mdanderson.org/TCGA/R250,,1,1,0,376,376,,
http://rdf.myexperiment.org/ontologies/attrib_credit/attributes,,1,1,0,316,316,,
http://rdf.myexperiment.org/ontologies/attrib_credit/has-attributable,,1,1,0,316,316,,
http://www.loa-cnr.it/ontologies/DOLCE-Lite#part-of,,1,1,1,314,314,314,
http://xmlns.com/foaf/0.1/name,,2,32,0,310,1745735,,
http://purl.org/twc/vocab/conversion/uses_predicate,,9,9,8,309,309,24,
http://rdfs.org/sioc/ns#name,,1,1,0,309,15647,,
http://purl.org/dc/terms/language,,3,9,0,281,3002634,,
http://semantic-mediawiki.org/swivt/1.0#type,,1,1,1,275,275,275,
http://purl.org/science/owl/sciencecommons/identified_by_pmid,,1,1,0,268,268,,
http://eprints.org/ontology/hasPresentation,,2,2,0,250,250,,
http://www.w3.org/1999/02/22-rdf-syntax-ns#_10,,1,1,0,250,250,,
http://telegraphis.net/ontology/geography/geography#currency,,1,1,0,246,246,,
http://telegraphis.net/ontology/geography/geography#onContinent,,1,1,0,246,246,,
http://www.geonames.org/ontology#featureClass,,1,1,1,246,246,246,
http://www.geonames.org/ontology#featureCode,,1,1,1,246,246,246,
http://telegraphis.net/ontology/geography/geography#capital,,1,1,0,241,241,,
http://labs.mondeca.com/vocab/voaf#specializes,,2,2,1,240,299,15,
http://www.example.org/Movie/poster,,1,1,0,240,240,,
http://www.w3.org/2000/01/rdf-schema#domain,,11,16,10,238,12187,172,
http://purl.org/vocab/frbr/extended#hasPartManifestation,,1,1,0,233,233,,
http://enipedia.tudelft.nl/wiki/Property:City,,1,1,0,227,53748,,
http://www.w3.org/ns/sawsdl#loweringSchemaMapping,,1,1,0,227,227,,
http://rdf.myexperiment.org/ontologies/base/has-favourite,,1,1,0,215,215,,
http://purl.org/dc/terms/spatial,,4,6,0,205,459,,
http://enipedia.tudelft.nl/wiki/Property:Country,,1,1,0,196,54149,,
http://labs.mondeca.com/vocab/voaf#extends,,1,1,1,195,241,13,
http://enipedia.tudelft.nl/wiki/Property:Continent,,1,1,0,193,53936,,
http://purl.org/dc/terms/hasVersion,,1,2,0,180,991,,
http://www.w3.org/1999/02/22-rdf-syntax-ns#_11,,1,1,0,180,180,,
http://eprints.org/ontology/hasSubmitted,,1,1,0,178,178,,
http://rod.eionet.europa.eu/schema.rdf#instrumentURL,,1,1,0,166,167,,
http://enipedia.tudelft.nl/wiki/Property:State,,1,1,0,160,48872,,
http://purl.org/net7/vocab/locs/v1#committente,,1,1,1,159,159,159,
http://rdf.myexperiment.org/ontologies/annotations/has-rating,,1,1,0,154,154,,
http://www.w3.org/2004/02/skos/core#hasTopConcept,,4,20,0,151,14637,,
http://purl.obolibrary.org/obo/OBI_0000298,,1,1,0,149,420,,
http://purl.org/openorg/lacksFeature,,1,1,0,146,146,,
http://rdf.myexperiment.org/ontologies/components/example-value,,1,1,0,145,2191,,
http://bio2rdf.org/ns/bio2rdf#xPubmed,,1,1,0,143,143,,
http://purl.org/ctic/infraestructuras/organizacion#areaOrganizativa,,1,1,0,140,140,,
http://www.w3.org/ns/prov#used,,1,1,0,126,126,,
http://www.w3.org/1999/02/22-rdf-syntax-ns#_12,,1,1,0,124,124,,
http://semantic-mediawiki.org/swivt/1.0#specialProperty_ERRP,,1,1,1,121,231,117,
http://www.klappstuhlclub.de/wp/posts/stadt,,1,1,0,121,121,,
http://www.ntnu.no/ub/data/nl#geoSubjectCounty,,1,1,0,120,119,,
http://enipedia.tudelft.nl/wiki/Property:Units,,1,1,0,119,128,,
http://www.ntnu.no/ub/data/nl#geoSubjectMunicipality,,1,1,0,119,119,,
hittp://www.w3.org/2002/07/owl#sameAs,,1,1,0,115,115,,
http://bio2rdf.org/ns/bio2rdf#xChromosome,,1,1,0,115,115,,
http://bio2rdf.org/ns/bio2rdf#xGene,,1,1,0,115,115,,
http://bio2rdf.org/ns/bio2rdf#xGeneIDMapped,,1,1,0,115,115,,
http://bio2rdf.org/ns/bio2rdf#xSymbol,,1,1,0,115,115,,
http://www.w3.org/ns/prov#wasDerivedFrom,,1,1,0,108,144,,
http://bio2rdf.org/ns/bio2rdf#xGeneID,,1,1,0,107,107,,
http://bio2rdf.org/ns/bio2rdf#xRefSeqMapped,,1,1,0,107,107,,
http://www.obofoundry.org/ro/ro.owl#has_part,,1,2,0,101,439,,
http://eprints.org/ontology/hasSupplemental,,1,1,0,97,97,,
http://rdfs.org/ns/void#vocabulary,,22,22,22,95,86,72,
http://bio2rdf.org/ns/bio2rdf#xOMIM,,1,1,0,94,94,,
http://www.w3.org/ns/prov#hadPlan,,1,1,0,94,94,,
http://www.w3.org/ns/prov#wasGeneratedBy,,1,1,0,94,94,,
http://id.southampton.ac.uk/ns/processIncludedFile,,21,21,0,93,93,,
http://cms-wg.sti2.org/ns/minimal-service-model#hasPart,,1,1,0,93,20042,,
http://usefulinc.com/ns/doap#helper,,9,9,0,90,90,,
http://bio2rdf.org/ns/bio2rdf#xUniProt,,1,1,0,90,90,,
http://id.southampton.ac.uk/ns/disabledGoPage,,1,1,0,89,89,,
http://bio2rdf.org/ns/bio2rdf#xRefSeq,,1,1,0,88,88,,
http://www.w3.org/1999/02/22-rdf-syntax-ns#_13,,1,1,0,88,88,,
http://bio2rdf.org/ns/bio2rdf#xEnsembl,,1,1,0,87,87,,
http://logd.tw.rpi.edu/source/twc-rpi-edu/dataset/prov-xg-mappings-transcription/vocab/enhancement/1/dublin_core_source_transcribee,,1,1,0,87,87,,
http://logd.tw.rpi.edu/source/twc-rpi-edu/dataset/prov-xg-mappings-transcription/vocab/enhancement/1/mapped_term,,1,1,1,87,87,30,
http://www.klappstuhlclub.de/wp/posts/anwesend,,1,1,0,87,87,,
http://purl.org/dc/terms/contributor,,21,24,0,86,4092061,,
http://www.w3.org/2004/02/skos/core#historyNote,,1,4,0,86,25289,,
http://www.ntnu.no/ub/data/nl#geoSubjectCountry,,1,1,0,85,85,,
http://rdf.myexperiment.org/ontologies/base/has-announcer,,1,1,0,84,84,,
http://vocab.deri.ie/rooms#occupant,,1,1,0,83,83,,
http://www.loa-cnr.it/ontologies/TemporalRelations#present-at,,1,1,0,75,75,,
http://bio2rdf.org/ns/bio2rdf#xGDB,,1,1,0,73,73,,
http://semanticweb.org/id/Property-3ASoftware_URL,,1,1,0,69,82,,
http://semanticweb.org/id/Property-3ASource_URL,,1,1,0,68,81,,
http://semanticweb.org/id/Property-3APDFURL,,1,1,0,66,66,,
http://minsky.gsi.dit.upm.es/semanticwiki/index.php/Special:URIResolver/Property-3AReference,,1,1,0,65,1130,,
http://inference-web.org/2.0/pml-justification.owl#hasConclusion,,9,9,0,63,86,,
http://www.w3.org/1999/02/22-rdf-syntax-ns#_14,,1,1,0,61,61,,
http://bio2rdf.org/ns/bio2rdf#xMGI,,1,1,0,59,59,,
http://enipedia.tudelft.nl/wiki/Property:Fuel_type,,1,1,0,58,12781,,
http://purl.org/void/provenance/ns/processType,,21,21,0,57,57,,
http://purl.org/void/provenance/ns/resultingDataset,,21,21,0,57,57,,
http://id.southampton.ac.uk/stats-ns/session,,1,1,0,56,23732,,
http://www.w3.org/2002/07/owl#disjointWith,,1,6,1,56,126,35,
http://xmlns.com/foaf/0.1/thumbnail,,1,3,0,56,513414,,
http://purl.org/void/provenance/ns/sourceDataset,,21,21,0,55,70,,
http://www.w3.org/2002/07/owl#imports,,4,9,1,55,82,1,
http://rdfs.org/ns/void#dataDump,,21,22,0,54,55,,
http://semanticscience.org/resource/SIO_000008,,1,1,0,54,54,,
http://semanticweb.org/id/Property-3ADocumentation_URL,,1,1,0,52,55,,
http://labs.mondeca.com/vocab/voaf#hasEquivalencesWith,,1,1,1,51,61,1,
http://www.metalex.eu/metalex/2008-05-02#fragment,,1,1,0,51,51,,
http://www.w3.org/1999/02/22-rdf-syntax-ns#_15,,1,1,0,51,51,,
http://kulturarvsdata.se/ksamsok#dataQuality,,1,1,0,50,50,,
http://eprints.org/ontology/hasDraft,,1,1,0,48,48,,
http://kulturarvsdata.se/ksamsok#itemType,,1,1,0,48,50,,
http://www.geonames.org/ontology#wikipediaArticle,,1,1,0,48,48,,
http://labs.mondeca.com/vocab/voaf#reliesOn,,2,2,1,47,54,1,
http://usefulinc.com/ns/doap#developer,,9,9,0,45,45,,
http://kulturarvsdata.se/ksamsok#subject,,1,1,0,45,45,,
http://www.w3.org/2002/07/owl#equivalentClass,,5,6,2,43,301,2,
http://lexvo.org/ontology#representedBy,,1,1,0,42,42,,
http://rdfs.org/ns/void#subset,,9,11,0,40,42,,
http://purl.org/dc/terms/hasFormat,,3,7,0,40,83416,,
http://purl.org/dc/terms/type,,3,5,0,39,5999519,,
http://id.southampton.ac.uk/ns/buildingArchitect,,1,1,0,38,38,,
http://www.w3.org/1999/02/22-rdf-syntax-ns#_16,,1,1,0,38,38,,
http://enipedia.tudelft.nl/wiki/Property:EPRTR_ID,,1,1,0,37,37,,
http://usefulinc.com/ns/doap#documenter,,9,9,0,36,36,,
http://www.metalex.eu/metalex/2008-05-02#variant,,1,1,0,36,39,,
http://www.w3.org/2008/05/skos#exactMatch,,2,2,0,34,36,,
http://inference-web.org/2.0/pml-justification.owl#hasInferenceEngine,,9,9,0,32,33,,
http://www.w3.org/2002/07/owl#equivalentProperty,,5,6,1,31,33,1,
http://eprints.org/ontology/hasOther,,1,1,0,30,30,,
http://greek-lod.math.auth.gr/police/resource/hasrelatedpage,,1,1,0,30,30,,
http://purl.org/dc/terms/author,,19,19,0,29,29,,
http://purl.org/dc/terms/description,,2,61,0,29,2637507,,
http://purl.org/dc/terms/isFormatOf,,1,1,0,28,28,,
http://purl.org/vocab/frbr/core#embodiment,,1,2,0,28,55,,
http://purl.org/vocab/frbr/core#embodimentOf,,1,2,0,28,42,,
http://semanticweb.org/id/Property-3ANamespace,,1,1,0,28,28,,
http://www.metalex.eu/metalex/2008-05-02#embodiedBy,,1,1,0,28,28,,
http://www.metalex.eu/metalex/2008-05-02#embodies,,1,1,0,28,28,,
http://www.w3.org/1999/02/22-rdf-syntax-ns#_17,,1,1,0,27,27,,
http://rdfs.org/ns/void#exampleResource,,11,21,0,25,49,,
http://www.loa-cnr.it/ontologies/DOLCE-Lite#r-location,,1,1,1,25,25,25,
http://purl.org/goodrelations/v1#hasPOS,,1,1,0,24,24,,
http://inference-web.org/2.0/pml-justification.owl#hasInferenceRule,,9,9,0,23,23,,
http://obofoundry.org/ro/ro.owl#has_agent,,9,9,0,23,23,,
http://openprovenance.org/ontology#cause,,9,9,0,23,23,,
http://purl.org/net/provenance/ns#involvedActor,,9,9,0,23,23,,
http://enipedia.tudelft.nl/wiki/Property:County,,1,1,0,23,8651,,
http://semanticweb.org/id/Property-3ADate_test,,1,1,0,23,23,,
http://purl.org/dc/terms/conformsTo,,22,22,0,22,22,,
http://rdfs.org/ns/void#sparqlEndpoint,,22,22,0,22,22,,
http://inference-web.org/2.0/pml-justification.owl#hasAntecedentList,,9,9,9,22,33,22,
http://inference-web.org/2.0/pml-provenance.owl#hasSource,,9,9,0,22,22,,
http://kulturarvsdata.se/ksamsok#itemClass,,1,1,0,22,22,,
http://purl.org/dc/terms/requires,,1,2,0,22,47065,,
http://web.resource.org/cc/permits,,1,1,1,22,22,22,
http://www.w3.org/1999/02/22-rdf-syntax-ns#_18,,1,1,0,22,22,,
http://data.totl.net/xkcd.rdf#link,,1,1,0,21,24,,
http://labs.mondeca.com/vocab/voaf#generalizes,,1,1,0,21,25,,
http://semanticweb.org/id/Property-3APaper_URL,,1,1,0,21,21,,
http://cms-wg.sti2.org/ns/minimal-service-model#hasOptionalPart,,1,1,0,20,46,,
http://enipedia.tudelft.nl/wiki/Property:Powerplant,,1,1,0,20,19,,
http://eprints.org/ontology/hasUpdated,,1,1,0,20,20,,
http://rdf.myexperiment.org/ontologies/base/announced-to,,1,1,0,20,20,,
http://semanticweb.org/id/Property-3AHas_character,,1,1,0,20,186,,
http://inference-web.org/2.0/pml-provenance.owl#hasFormat,,9,9,0,19,19,,
http://www.w3.org/2004/02/skos/core#exactMatchexactMatch,,1,1,0,19,19,,
http://purl.org/twc/arrayexpress/ontology#hasDiseaseState,,1,1,0,18,18,,
http://purl.org/twc/arrayexpress/ontology#hasOrganism,,1,1,0,18,18,,
http://purl.org/twc/arrayexpress/ontology#hasOrganismPart,,1,1,0,18,18,,
http://web.resource.org/cc/requires,,1,1,1,18,18,18,
http://www.w3.org/ns/prov#specializationOf,,1,1,0,18,18,,
http://enipedia.tudelft.nl/wiki/Property:Heat_source,,1,1,0,17,16,,
http://rdf.myexperiment.org/ontologies/annotations/has-citation,,1,1,0,17,17,,
http://www.w3.org/1999/02/22-rdf-syntax-ns#_19,,1,1,0,17,17,,
http://www.w3.org/1999/02/22-rdf-syntax-ns#_20,,1,1,0,17,17,,
http://www.w3.org/2008/05/skos#related,,1,1,0,17,17,,
http://id.southampton.ac.uk/ns/appType,,1,1,0,16,16,,
http://dl.dropbox.com/u/16463134/LOD/cultural-project.rdf#HasParticipant,,1,1,0,15,15,,
http://enipedia.tudelft.nl/wiki/Property:Pollutantrelease,,1,1,0,15,15,,
http://greek-lod.math.auth.gr/fire-brigade/resource/hasrelatedpage,,1,1,0,15,15,,
http://www.geneontology.org/formats/oboInOwl#hasSubset,,1,1,0,15,10,,
http://www.w3.org/1999/02/22-rdf-syntax-ns#_21,,1,1,0,15,15,,
http://purl.obolibrary.org/obo/OBI_0000308,,2,2,2,14,20,8,
http://enipedia.tudelft.nl/wiki/Property:Metroarea,,1,1,0,14,5112,,
http://greek-lod.math.auth.gr/fire-brigade/resource/hasarelatedpage,,1,1,0,14,14,,
http://mged.sourceforge.net/ontologies/MGEDOntology.owl#has_factor_value,,1,1,0,14,144,,
http://rdf.myexperiment.org/ontologies/annotations/has-review,,1,1,0,14,14,,
http://purl.org/twc/vocab/conversion/uses_class,,6,6,6,13,13,6,
http://rdf.myexperiment.org/ontologies/annotations/citation-url,,1,1,0,13,14,,
http://semanticweb.org/id/Property-3AOMIM,,1,1,0,13,13,,
http://rdfs.org/ns/void#feature,,2,3,0,12,13,,
http://rdf.myexperiment.org/ontologies/base/contact-details,,1,1,0,12,115,,
http://purl.org/dc/elements/1.1/source,,3,5,0,11,17817,,
http://www.w3.org/1999/02/22-rdf-syntax-ns#_22,,1,1,0,11,11,,
http://www.w3.org/ns/org#hasSubOrganization,,1,1,0,11,452,,
http://www.wsmo.org/ns/hrests#hasAddress,,1,1,0,11,283,,
http://purl.org/linked-data/cube#component,,1,2,0,10,52,,
http://semanticweb.org/id/Property-3AAffiliation,,1,1,0,10,1460,,
http://semanticweb.org/id/Property-3ADemoURL,,1,1,0,10,15,,
http://semanticweb.org/id/Property-3AMember_of,,1,1,0,10,1333,,
http://semanticweb.org/id/Property-3AMolecular-2BBasis,,1,1,0,10,10,,
http://usefulinc.com/ns/doap#implements,,9,9,0,9,18,,
http://usefulinc.com/ns/doap#maintainer,,9,9,0,9,9,,
http://usefulinc.com/ns/doap#revision,,9,10,0,9,21,,
http://rdfs.org/sioc/ns#account_of,,7,7,0,9,8,,
http://xmlns.com/foaf/0.1/holdsAccount,,7,7,0,9,8,,
http://purl.org/linked-data/cube#structure,,2,3,0,9,17,,
http://enipedia.tudelft.nl/wiki/Property:Parentcompany,,1,1,0,9,4119,,
http://www.w3.org/1999/02/22-rdf-syntax-ns#_23,,1,1,0,9,9,,
http://cms-wg.sti2.org/ns/minimal-service-model#hasMandatoryPart,,1,1,0,8,12,,
http://enipedia.tudelft.nl/wiki/Property:Product,,1,1,0,8,325,,
http://minsky.gsi.dit.upm.es/semanticwiki/index.php/Special:URIResolver/Property-3AOriginal_URI,,1,1,1,8,8,4,
http://purl.org/net/unis/iris#isWrittenBy,,1,1,1,8,11849,2,
http://purl.org/net/unis/iris#write,,1,1,1,8,11849,6,
http://semantic-mediawiki.org/swivt/1.0#redirectsTo,,1,1,0,8,340,,
http://semanticweb.org/id/Property-3ADisease-2BType,,1,1,0,8,8,,
http://semanticweb.org/id/Property-3APermission,,1,1,0,8,8,,
http://semanticweb.org/id/Property-3ARDFforMicroformat,,1,1,0,8,8,,
http://www.klappstuhlclub.de/wp/posts/besucher,,1,1,0,8,21,,
http://www.w3.org/1999/02/22-rdf-syntax-ns#_24,,1,1,0,8,8,,
http://purl.org/ontology/bibo/recipient,,1,1,0,7,26,,
http://purl.org/vocab/frbr/core#realization,,1,2,0,7,51,,
http://purl.org/vocab/frbr/core#realizationOf,,1,2,0,7,63,,
http://www.metalex.eu/metalex/2008-05-02#realizedBy,,1,1,0,7,46,,
http://www.metalex.eu/metalex/2008-05-02#realizes,,1,1,0,7,46,,
http://xmlns.com/foaf/0.1/isPrimaryTopicOF,,1,1,0,7,7,,
http://bio2rdf.org/ns/bio2rdf#xEnzyme,,1,1,0,6,6,,
http://cms-wg.sti2.org/ns/minimal-service-model#hasOutput,,1,1,0,6,3008,,
http://enipedia.tudelft.nl/wiki/Property:Has_agent,,1,1,0,6,7,,
http://kulturarvsdata.se/ksamsok#itemLicense,,1,1,0,6,6,,
http://labs.mondeca.com/vocab/voaf#similar,,1,1,0,6,8,,
http://semanticweb.org/id/Property-3ARequirement,,1,1,0,6,6,,
http://www.systemone.at/2006/03/wikipedia#internalLink,,1,1,0,6,34449952,,
http://www.w3.org/1999/02/22-rdf-syntax-ns#_25,,1,1,0,6,6,,
http://www.w3.org/1999/02/22-rdf-syntax-ns#_26,,1,1,0,6,6,,
http://www.w3.org/1999/02/22-rdf-syntax-ns#_27,,1,1,0,6,6,,
http://bibleontology.com/property/relatedVideos,,1,1,0,5,5,,
http://cms-wg.sti2.org/ns/minimal-service-model#hasInput,,1,1,0,5,3074,,
http://cms-wg.sti2.org/ns/minimal-service-model#hasOperation,,1,1,0,5,2761,,
http://cms-wg.sti2.org/ns/minimal-service-model#hasOutputFault,,1,1,0,5,12,,
http://labs.mondeca.com/vocab/voaf#hasDisjunctionsWith,,1,1,0,5,5,,
http://moat-project.org/ns#taggedWithTag,,1,1,0,5,5,,
http://purl.org/net/unis/iris#publishedBy,,1,1,1,5,4074,1,
http://semanticweb.org/id/Property-3AHas_location_city,,1,1,0,5,722,,
http://semanticweb.org/id/Property-3ASlides_URL,,1,1,0,5,5,,
http://semanticweb.org/id/Property-3AXSLT,,1,1,0,5,5,,
http://www.klappstuhlclub.de/wp/posts/thumbnail,,1,1,0,5,5,,
http://www.systemone.at/2006/03/wikipedia#redirectsTo,,1,1,0,5,860817,,
http://www.w3.org/1999/02/22-rdf-syntax-ns#_28,,1,1,0,5,5,,
http://creativecommons.org/ns#attributionURL,,2,5,0,4,4985,,
http://www.w3.org/2004/02/skos/core#subject,,2,2,0,4,2867990,,
http://enipedia.tudelft.nl/wiki/Property:Gas_turbine,,1,1,0,4,4,,
http://enipedia.tudelft.nl/wiki/Property:Has_min_cardinality,,1,1,0,4,4,,
http://labs.mondeca.com/vocab/voaf#dataset,,1,1,0,4,5,,
http://semanticweb.org/id/Property-3AA,,1,1,0,4,4,,
http://semanticweb.org/id/Property-3ADepends_on,,1,1,0,4,5,,
http://semanticweb.org/id/Property-3ANotes,,1,1,0,4,4,,
http://semanticweb.org/id/Property-3APoster_URL,,1,1,0,4,4,,
http://semanticweb.org/id/Property-3ASubevent_of,,1,1,0,4,279,,
http://www.geonames.org/ontology#parentFeature,,1,2,0,4,192,,
http://www.klappstuhlclub.de/wp/posts/wikipedia,,1,1,0,4,7,,
http://www.metalex.eu/metalex/2008-05-02#fragmentOf,,1,1,0,4,4,,
http://www.w3.org/1999/02/22-rdf-syntax-ns#_29,,1,1,0,4,4,,
http://www.w3.org/1999/02/22-rdf-syntax-ns#_30,,1,1,0,4,4,,
http://www.w3.org/1999/02/22-rdf-syntax-ns#_31,,1,1,0,4,4,,
http://xmlns.com/foaf/0.1/workplaceHomepage,,1,1,0,4,6,,
http://enipedia.tudelft.nl/wiki/Property:Is_electricity_production_of,,1,1,0,3,154188,,
http://enipedia.tudelft.nl/wiki/Property:Is_emission_of,,1,1,0,3,154188,,
http://enipedia.tudelft.nl/wiki/Property:NaturalGasStorageType,,1,1,0,3,152,,
http://enipedia.tudelft.nl/wiki/Property:Steam_turbine,,1,1,0,3,2,,
http://eprints.org/ontology/hasCoverImage,,1,1,0,3,3,,
http://ibl.mdanderson.org/TCGA/R133,,1,1,0,3,3,,
http://semanticweb.org/id/Property-3AAuthor,,1,1,0,3,1121,,
http://semanticweb.org/id/Property-3ALicense,,1,1,0,3,184,,
http://web.resource.org/cc/prohibits,,1,1,1,3,3,3,
http://www.w3.org/1999/xhtml/vocab#next,,1,1,0,3,3,,
http://www.w3.org/1999/xhtml/vocab#prev,,1,1,0,3,3,,
http://www.w3.org/1999/xhtml/vocab#stylesheet,,1,2,0,3,4,,
http://www.w3.org/2000/01/rdf-schema#type,,1,1,1,3,3,1,
http://purl.org/dc/terms/rights,,2,3,0,2,3,,
http://purl.org/net/provenance/ns#createdBy,,2,3,0,2,8,,
http://purl.org/openorg/people,,2,2,0,2,2,,
http://purl.org/openorg/places,,2,2,0,2,2,,
http://purl.org/openorg/pressinfo,,2,2,0,2,2,,
http://www.w3.org/2006/vcard/ns#adr,,2,6,0,2,73808,,
http://enipedia.tudelft.nl/wiki/Property:Author_of,,1,1,0,2,4,,
http://enipedia.tudelft.nl/wiki/Property:Boiler,,1,1,0,2,2,,
http://enipedia.tudelft.nl/wiki/Property:Move,,1,1,0,2,2,,
http://enipedia.tudelft.nl/wiki/Property:Time,,1,1,0,2,2,,
http://enipedia.tudelft.nl/wiki/Property:Url,,1,1,0,2,2,,
http://enipedia.tudelft.nl/wiki/Property:Website,,1,1,0,2,102,,
http://eprints.org/ontology/hasMetadata,,1,1,0,2,2,,
http://mged.sourceforge.net/ontologies/MGEDOntology.owl#has_experiment_factors,,1,2,0,2,75,,
http://minsky.gsi.dit.upm.es/semanticwiki/index.php/Special:URIResolver/Property-3AExample,,1,1,0,2,919,,
http://purl.org/linked-data/cube#concept,,1,2,0,2,13,,
http://purl.org/net7/vocab/locs/v1#fornitore,,1,2,0,2,610,,
http://purl.org/net/unis/iris#publish,,1,1,1,2,3863,1,
http://purl.org/net/unis/iris#publishedIn,,1,1,1,2,3863,1,
http://purl.org/openorg/profile,,1,1,0,2,2,,
http://purl.org/openorg/publications,,1,1,0,2,2,,
http://purl.org/vocab/frbr/extended#isPartOfManifestation,,1,1,0,2,2,,
http://rdfs.org/ns/void#rootResource,,1,1,0,2,2,,
http://semanticweb.org/id/Property-3ACancer_Mut,,1,1,0,2,2,,
http://semanticweb.org/id/Property-3ACategory_about,,1,1,1,2,37,2,
http://semanticweb.org/id/Property-3AChr,,1,1,0,2,2,,
http://semanticweb.org/id/Property-3AChr_Band,,1,1,0,2,2,,
http://semanticweb.org/id/Property-3ADepicted_in,,1,1,0,2,2,,
http://semanticweb.org/id/Property-3AEvent_in_series,,1,1,0,2,475,,
http://semanticweb.org/id/Property-3AExplains_about,,1,1,0,2,10,,
http://semanticweb.org/id/Property-3AGeneID,,1,1,0,2,2,,
http://semanticweb.org/id/Property-3AHas_domain,,1,1,1,2,8,1,
http://semanticweb.org/id/Property-3AHas_location_country,,1,1,0,2,752,,
http://semanticweb.org/id/Property-3AMade_important_contributions_to,,1,1,0,2,4,,
http://semanticweb.org/id/Property-3AMut_Type,,1,1,0,2,2,,
http://semanticweb.org/id/Property-3ASeeAlso,,1,1,0,2,6,,
http://semanticweb.org/id/Property-3ASubclass_of,,1,1,1,2,124,2,
http://semanticweb.org/id/Property-3ASubject_is,,1,1,0,2,2,,
http://semanticweb.org/id/Property-3ASymbol,,1,1,0,2,2,,
http://semanticweb.org/id/Property-3ATissue,,1,1,0,2,2,,
http://www.daml.org/services/owl-s/1.1/generic/Expression.owl#expressionLanguage,,1,1,1,2,2,2,
http://www.klappstuhlclub.de/wp/posts/facebook,,1,1,0,2,2,,
http://www.ontologydesignpatterns.org/ont/web/irw.owl#redirectsTo,,1,1,0,2,2,,
http://www.w3.org/1999/02/22-rdf-syntax-ns#predicate,,1,4,1,2,2550,2,
http://www.w3.org/2002/07/owl#inverseOf,,1,10,0,2,128,,
http://www.w3.org/ns/prov-o/used,,1,2,0,2,602,,
http://www.w3.org/ns/prov-o/wasDerivedFrom,,1,2,0,2,686,,
http://creativecommons.org/ns#morePermissions,,1,2,0,1,2,,
http://data.ordnancesurvey.co.uk/ontology/postcode/postcode,,1,1,0,1,1,,
http://enipedia.tudelft.nl/wiki/Property:Location,,1,1,0,1,129,,
http://enipedia.tudelft.nl/wiki/Property:Money,,1,1,0,1,1,,
http://enipedia.tudelft.nl/wiki/Property:PipelineTo,,1,1,0,1,354,,
http://idswrapper.appspot.com/vocabulary#metadata_url,,1,1,0,1,1,,
http://idswrapper.appspot.com/vocabulary#region,,1,1,0,1,1,,
http://idswrapper.appspot.com/vocabulary#website_url,,1,1,0,1,1,,
http://kulturarvsdata.se/ksamsok#itemLicenseUrl,,1,1,0,1,1,,
http://minsky.gsi.dit.upm.es/semanticwiki/index.php/Special:URIResolver/Property-3AMitigation,,1,1,0,1,1988,,
http://proton.semanticweb.org/2005/04/protons#transitiveOver,,1,1,1,1,1,1,
http://purl.obolibrary.org/obo/IAO_0000142,,1,2,0,1,2,,
http://purl.obolibrary.org/obo/OBI_0000846,,1,2,0,1,2,,
http://purl.org/dc/elements/1.1/type,,1,4,0,1,16138,,
http://purl.org/dc/terms/references,,1,3,0,1,13,,
http://purl.org/linked-data/cube#dimension,,1,2,1,1,39,1,
http://purl.org/net/provenance/ns#operatedBy,,1,1,0,1,1,,
http://purl.org/ontology/bibo/abstract,,1,3,0,1,10695,,
http://purl.org/openorg/dataCatalog,,1,1,0,1,1,,
http://purl.org/openorg/structure,,1,1,0,1,1,,
http://purl.org/twc/vocab/conversion/property_name,,1,1,1,1,1,1,
http://purl.org/twc/vocab/conversion/type_name,,1,1,1,1,1,1,
http://purl.org/vocab/frbr/extended#isAnAlternativeManifestationTo,,1,1,0,1,1,,
http://purl.org/vocab/vann/preferredNamespaceUri,,1,13,0,1,1497,,
http://rdfs.org/ns/void#file,,1,1,0,1,1,,
http://rdfs.org/ns/void#target,,1,1,0,1,1,,
http://rod.eionet.europa.eu/schema.rdf#celexref,,1,1,0,1,159,,
http://semantic-mediawiki.org/swivt/1.0#specialProperty_SF_DF,,1,1,0,1,10,,
http://semanticweb.org/id/Property-3AAccepted_by,,1,1,0,1,331,,
http://semanticweb.org/id/Property-3AAircraftType,,1,1,0,1,2,,
http://semanticweb.org/id/Property-3AB,,1,1,0,1,1,,
http://semanticweb.org/id/Property-3ABodyType,,1,1,0,1,2,,
http://semanticweb.org/id/Property-3AC,,1,1,0,1,1,,
http://semanticweb.org/id/Property-3ACanc_Mol_Genetics,,1,1,0,1,1,,
http://semanticweb.org/id/Property-3ACanc_Syndrome,,1,1,0,1,1,,
http://semanticweb.org/id/Property-3AContradicts,,1,1,0,1,1,,
http://semanticweb.org/id/Property-3ACreatedon,,1,1,0,1,1,,
http://semanticweb.org/id/Property-3ADeathday,,1,1,0,1,3,,
http://semanticweb.org/id/Property-3ADownload,,1,1,0,1,1,,
http://semanticweb.org/id/Property-3AEats,,1,1,0,1,1,,
http://semanticweb.org/id/Property-3AEngineType,,1,1,0,1,2,,
http://semanticweb.org/id/Property-3AFoaf-3Aimg,,1,1,0,1,1,,
http://semanticweb.org/id/Property-3AFoaf-3APersonalProfileDocument,,1,1,0,1,1,,
http://semanticweb.org/id/Property-3AGroup,,1,1,0,1,1,,
http://semanticweb.org/id/Property-3AHas_blog_url,,1,1,0,1,1,,
http://semanticweb.org/id/Property-3AHas_location_state,,1,1,0,1,69,,
http://semanticweb.org/id/Property-3AHas_range,,1,1,1,1,7,1,
http://semanticweb.org/id/Property-3AInvolved,,1,1,0,1,1,,
http://semanticweb.org/id/Property-3AMade_of,,1,1,0,1,11,,
http://semanticweb.org/id/Property-3AManufacturer,,1,1,0,1,2,,
http://semanticweb.org/id/Property-3ANationality,,1,1,0,1,16,,
http://semanticweb.org/id/Property-3AOrigin,,1,1,0,1,1,,
http://semanticweb.org/id/Property-3APresentation_of,,1,1,0,1,2,,
http://semanticweb.org/id/Property-3ASameAs,,1,1,0,1,1,,
http://semanticweb.org/id/Property-3ASchema,,1,1,0,1,1,,
http://semanticweb.org/id/Property-3ATechnologyFunction,,1,1,0,1,1,,
http://semanticweb.org/id/Property-3ATest0,,1,1,0,1,1,,
http://semanticweb.org/id/Property-3ATest1,,1,1,0,1,1,,
http://semanticweb.org/id/Property-3ATitel,,1,1,0,1,1,,
http://semanticweb.org/id/Property-3ATransloc_Partner,,1,1,0,1,1,,
http://semanticweb.org/id/Property-3ATum_Germ_Mut,,1,1,0,1,1,,
http://semanticweb.org/id/Property-3ATum_Soma_Mut,,1,1,0,1,1,,
http://semanticweb.org/id/Property-3AUri,,1,1,0,1,1,,
http://usefulinc.com/ns/doap#file-release,,1,1,0,1,1,,
http://usefulinc.com/ns/doap#homepage,,1,10,0,1,10,,
http://www.daml.org/services/owl-s/1.1/Process.owl#hasEffect,,1,1,0,1,2,,
http://www.daml.org/services/owl-s/1.1/Process.owl#hasResultVar,,1,1,0,1,1,,
http://www.daml.org/services/owl-s/1.1/Process.owl#inCondition,,1,1,0,1,1,,
http://www.geonames.org/ontology#locatedIn,,1,1,0,1,2,,
http://www.semanticdesktop.org/ontologies/nfo/#hasHash,,1,9,0,1,12,,
http://www.systemone.at/2006/03/wikipedia#interwikiLink,,1,1,0,1,1,,
http://www.w3.org/1999/02/22-rdf-syntax-ns#_32,,1,1,0,1,1,,
http://www.w3.org/1999/02/22-rdf-syntax-ns#_33,,1,1,0,1,1,,
http://www.w3.org/1999/02/22-rdf-syntax-ns#_34,,1,1,0,1,1,,
http://www.w3.org/1999/02/22-rdf-syntax-ns#_35,,1,1,0,1,1,,
http://www.w3.org/1999/02/22-rdf-syntax-ns#_36,,1,1,0,1,1,,
http://www.w3.org/1999/02/22-rdf-syntax-ns#_37,,1,1,0,1,1,,
http://www.w3.org/1999/02/22-rdf-syntax-ns#_38,,1,1,0,1,1,,
http://www.w3.org/1999/02/22-rdf-syntax-ns#_39,,1,1,0,1,1,,
http://www.w3.org/1999/02/22-rdf-syntax-ns#_40,,1,1,0,1,1,,
http://www.w3.org/1999/02/22-rdf-syntax-ns#_41,,1,1,0,1,1,,
http://www.w3.org/1999/02/22-rdf-syntax-ns#_42,,1,1,0,1,1,,
http://www.w3.org/1999/02/22-rdf-syntax-ns#_43,,1,1,0,1,1,,
http://www.w3.org/1999/02/22-rdf-syntax-ns#_44,,1,1,0,1,1,,
http://www.w3.org/1999/02/22-rdf-syntax-ns#_45,,1,1,0,1,1,,
http://www.w3.org/1999/02/22-rdf-syntax-ns#_46,,1,1,0,1,1,,
http://www.w3.org/1999/02/22-rdf-syntax-ns#_47,,1,1,0,1,1,,
http://www.w3.org/1999/02/22-rdf-syntax-ns#_48,,1,1,0,1,1,,
http://www.w3.org/1999/02/22-rdf-syntax-ns#_49,,1,1,0,1,1,,
http://www.w3.org/1999/02/22-rdf-syntax-ns#object,,1,4,0,1,2709,,
http://www.w3.org/2000/01/rdf-schema#label,,1,125,0,1,31225924,,
http://www.w3.org/2000/10/swap/pim/contact#nearestAirport,,1,1,0,1,1,,
http://www.w3.org/ns/prov#actedOnBehalfOf,,1,1,0,1,1,,
http://www.w3.org/ns/prov-o/alternateOf,,1,1,0,1,1,,
http://www.w3.org/ns/prov-o/wasGeneratedBy,,1,2,0,1,685,,
http://www.w3.org/ns/prov#wasStartedBy,,1,1,0,1,1,,
http://xmlns.com/foaf/0.1/knows,,1,2,0,1,238,,
http://xmlns.com/foaf/0.1/logo,,1,2,0,1,21,,
,,,,,109251062,244894528,,